Reference, Value, Footprint, Datasheet
"SW1","T1","Button_Switch_THT:SW_PUSH_6mm_H5mm","~"
"SW2","T2","Button_Switch_THT:SW_PUSH_6mm_H5mm","~"
"SW3","T3","Button_Switch_THT:SW_PUSH_6mm_H5mm","~"
"SW4","T4","Button_Switch_THT:SW_PUSH_6mm_H5mm","~"
"SW5","Config","Button_Switch_THT:SW_PUSH_6mm_H5mm","~"
"R1","240","Resistor_SMD:R_0805_2012Metric_Pad1.15x1.40mm_HandSolder","~"
"R2","240","Resistor_SMD:R_0805_2012Metric_Pad1.15x1.40mm_HandSolder","~"
"C2","100n","Capacitor_SMD:C_0805_2012Metric_Pad1.15x1.40mm_HandSolder","~"
"R3","10k","Resistor_SMD:R_0805_2012Metric_Pad1.15x1.40mm_HandSolder","~"
"C1","100n","Capacitor_SMD:C_0805_2012Metric_Pad1.15x1.40mm_HandSolder","~"
"SHT31","SHT31","Connector_PinHeader_2.54mm:PinHeader_1x04_P2.54mm_Vertical","~"
"R4","10k","Resistor_SMD:R_0805_2012Metric_Pad1.15x1.40mm_HandSolder","~"
"R5","10k","Resistor_SMD:R_0805_2012Metric_Pad1.15x1.40mm_HandSolder","~"
"FTDI1","FTDI","Connector_PinHeader_2.54mm:PinHeader_1x06_P2.54mm_Vertical","~"
"ISP1","ISP","additional:PinPads_ISP","~"
"D1","LED rt","LED_SMD:LED_0805_2012Metric_Pad1.15x1.40mm_HandSolder","~"
"D2","gn","LED_SMD:LED_0805_2012Metric_Pad1.15x1.40mm_HandSolder","~"
"C3","1µF/25V","Capacitor_SMD:C_0805_2012Metric_Pad1.15x1.40mm_HandSolder","~"
"J3","eInk","Connectors_Hirose:Hirose_FH12-24S-0.5SH_1x24_P0.5mm_Horizontal","~"
"C8","1µF/25V","Capacitor_SMD:C_0805_2012Metric_Pad1.15x1.40mm_HandSolder","~"
"C7","1µF/25V","Capacitor_SMD:C_0805_2012Metric_Pad1.15x1.40mm_HandSolder","~"
"C6","1µF/25V","Capacitor_SMD:C_0805_2012Metric_Pad1.15x1.40mm_HandSolder","~"
"C5","1µF/25V","Capacitor_SMD:C_0805_2012Metric_Pad1.15x1.40mm_HandSolder","~"
"C4","1µF/25V","Capacitor_SMD:C_0805_2012Metric_Pad1.15x1.40mm_HandSolder","~"
"C10","1µF/50V","Capacitor_SMD:C_0805_2012Metric_Pad1.15x1.40mm_HandSolder","~"
"C9","1µF/50V","Capacitor_SMD:C_0805_2012Metric_Pad1.15x1.40mm_HandSolder","~"
"Q1","IRLML6346TRBPF","Package_TO_SOT_SMD:SOT-23","https://www.infineon.com/dgdl/irlml2060pbf.pdf?fileId=5546d462533600a401535664b7fb25ee"
"L1","68µH","Inductor_SMD:L_Wuerth_MAPI-3012","~"
"R6","100k","Resistor_SMD:R_0805_2012Metric_Pad1.15x1.40mm_HandSolder","~"
"R8-1","1","Resistor_SMD:R_0805_2012Metric_Pad1.15x1.40mm_HandSolder","~"
"D4","MBR0530","Diode_SMD:D_SOD-123","~"
"D5","MBR0530","Diode_SMD:D_SOD-123","~"
"D3","MBR0530","Diode_SMD:D_SOD-123","~"
"C12","1µF/50V","Capacitor_SMD:C_0805_2012Metric_Pad1.15x1.40mm_HandSolder","~"
"C11","1µF/50V","Capacitor_SMD:C_0805_2012Metric_Pad1.15x1.40mm_HandSolder","~"
"C13","1µF/50V","Capacitor_SMD:C_0805_2012Metric_Pad1.15x1.40mm_HandSolder","~"
"U2","CC1101","additional:CC1101_Pads",""
"C14","100n","Capacitor_SMD:C_0805_2012Metric_Pad1.15x1.40mm_HandSolder","~"
"J5","Power","Connector_PinHeader_2.54mm:PinHeader_1x02_P2.54mm_Vertical","~"
"C18","100µ/10V","Capacitors_Tantalum_SMD:CP_Tantalum_Case-B_EIA-3528-21_Hand","~"
"C15","100n","Capacitor_SMD:C_0805_2012Metric_Pad1.15x1.40mm_HandSolder","~"
"C16","100n","Capacitor_SMD:C_0805_2012Metric_Pad1.15x1.40mm_HandSolder","~"
"C17","100n","Capacitor_SMD:C_0805_2012Metric_Pad1.15x1.40mm_HandSolder","~"
"U4","MCP73831T-2ACI/OT","Package_TO_SOT_SMD:SOT-23-5","http://ww1.microchip.com/downloads/en/DeviceDoc/20001984g.pdf"
"U3","MCP1703T-3302E/CB","Package_TO_SOT_SMD:SOT-23","http://ww1.microchip.com/downloads/en/DeviceDoc/20005122B.pdf"
"J6","Batt","Connector_PinHeader_2.54mm:PinHeader_1x02_P2.54mm_Vertical","~"
"C19","10/10","Capacitor_SMD:C_0805_2012Metric_Pad1.15x1.40mm_HandSolder","~"
"C20","10/10","Capacitor_SMD:C_0805_2012Metric_Pad1.15x1.40mm_HandSolder","~"
"R7","4k7","Resistor_SMD:R_0805_2012Metric_Pad1.15x1.40mm_HandSolder","~"
"R12","1k","Resistor_SMD:R_0805_2012Metric_Pad1.15x1.40mm_HandSolder","~"
"D6","LED wt","LED_SMD:LED_0805_2012Metric_Pad1.15x1.40mm_HandSolder","~"
"U1","ATmega1284P-AU","Package_QFP:TQFP-44_10x10mm_P0.8mm","http://ww1.microchip.com/downloads/en/DeviceDoc/Atmel-8272-8-bit-AVR-microcontroller-ATmega164A_PA-324A_PA-644A_PA-1284_P_datasheet.pdf"
"R9","470k","Resistor_SMD:R_0805_2012Metric_Pad1.15x1.40mm_HandSolder","~"
"R10","100k","Resistor_SMD:R_0805_2012Metric_Pad1.15x1.40mm_HandSolder","~"
"R11","680","Resistor_SMD:R_0805_2012Metric_Pad1.15x1.40mm_HandSolder","~"
"JP1","SolderJumper_3_Open","Jumper:SolderJumper-3_P1.3mm_Open_RoundedPad1.0x1.5mm","~"
"R13","100k","Resistor_SMD:R_0805_2012Metric_Pad1.15x1.40mm_HandSolder","~"
"U5","PC357","Package_SO:SO-4_4.4x3.6mm_P2.54mm","https://global.sharp/products/device/lineup/data/pdf/datasheet/pc357n_e.pdf"
"R8-2","1","Resistor_SMD:R_0805_2012Metric_Pad1.15x1.40mm_HandSolder","~"
